Weight,Coefficient
40.0,1.3437
40.05,1.3426
40.1,1.3415
40.15,1.3404
40.2,1.3393
40.25,1.3381
40.3,1.337
40.35,1.3359
40.4,1.3348
40.45,1.3337
40.5,1.3326
40.55,1.3315
40.6,1.3305
40.65,1.3294
40.7,1.3283
40.75,1.3272
40.8,1.3261
40.85,1.325
40.9,1.3239
40.95,1.3228
41.0,1.3217
41.05,1.3206
41.1,1.3195
41.15,1.3184
41.2,1.3174
41.25,1.3163
41.3,1.3152
41.35,1.3141
41.4,1.313
41.45,1.3119
41.5,1.3109
41.55,1.3098
41.6,1.3087
41.65,1.3076
41.7,1.3065
41.75,1.3054
41.8,1.3043
41.85,1.3033
41.9,1.3022
41.95,1.3011
42.0,1.3001
42.05,1.299
42.1,1.2979
42.15,1.2969
42.2,1.2958
42.25,1.2947
42.3,1.2936
42.35,1.2926
42.4,1.2915
42.45,1.2904
42.5,1.2894
42.55,1.2883
42.6,1.2873
42.65,1.2862
42.7,1.2851
42.75,1.2841
42.8,1.283
42.85,1.282
42.9,1.2809
42.95,1.2799
43.0,1.2788
43.05,1.2777
43.1,1.2767
43.15,1.2756
43.2,1.2746
43.25,1.2736
43.3,1.2725
43.35,1.2715
43.4,1.2704
43.45,1.2694
43.5,1.2684
43.55,1.2673
43.6,1.2662
43.65,1.2652
43.7,1.2642
43.75,1.2631
43.8,1.2621
43.85,1.261
43.9,1.26
43.95,1.259
44.0,1.258
44.05,1.2569
44.1,1.2559
44.15,1.2548
44.2,1.2538
44.25,1.2528
44.3,1.2518
44.35,1.2508
44.4,1.2497
44.45,1.2487
44.5,1.2477
44.55,1.2467
44.6,1.2457
44.65,1.2446
44.7,1.2436
44.75,1.2426
44.8,1.2416
44.85,1.2406
44.9,1.2396
44.95,1.2384
45.0,1.2373
45.05,1.2364
45.1,1.2355
45.15,1.2345
45.2,1.2335
45.25,1.2325
45.3,1.2315
45.35,1.2305
45.4,1.2295
45.45,1.2285
45.5,1.2275
45.55,1.2265
45.6,1.2255
45.65,1.2245
45.7,1.2235
45.75,1.2225
45.8,1.2215
45.85,1.2205
45.9,1.2195
45.95,1.2185
46.0,1.2175
46.05,1.2165
46.1,1.2156
46.15,1.2146
46.2,1.2136
46.25,1.2126
46.3,1.2116
46.35,1.2106
46.4,1.2097
46.45,1.2087
46.5,1.2077
46.55,1.2067
46.6,1.2058
46.65,1.2048
46.7,1.2038
46.75,1.2028
46.8,1.2019
46.85,1.2009
46.9,1.2
46.95,1.199
47.0,1.198
47.05,1.197
47.1,1.1961
47.15,1.1951
47.2,1.1942
47.25,1.1932
47.3,1.1922
47.35,1.1913
47.4,1.1904
47.45,1.1894
47.5,1.1884
47.55,1.1875
47.6,1.1865
47.65,1.1856
47.7,1.1846
47.75,1.1837
47.8,1.1827
47.85,1.1818
47.9,1.1809
47.95,1.1799
48.0,1.179
48.05,1.178
48.1,1.1771
48.15,1.1761
48.2,1.1752
48.25,1.1743
48.3,1.1733
48.35,1.1724
48.4,1.1715
48.45,1.1705
48.5,1.1696
48.55,1.1687
48.6,1.1678
48.65,1.1668
48.7,1.1659
48.75,1.165
48.8,1.1641
48.85,1.1631
48.9,1.1622
48.95,1.1613
49.0,1.1604
49.05,1.1594
49.1,1.1585
49.15,1.1576
49.2,1.1568
49.25,1.1558
49.3,1.1549
49.35,1.154
49.4,1.1531
49.45,1.1522
49.5,1.1513
49.55,1.1504
49.6,1.1495
49.65,1.1486
49.7,1.1477
49.75,1.1468
49.8,1.1459
49.85,1.145
49.9,1.1441
49.95,1.1432
50.0,1.1423
50.05,1.1414
50.1,1.1405
50.15,1.1396
50.2,1.1388
50.25,1.1379
50.3,1.137
50.35,1.1361
50.4,1.1352
50.45,1.1343
50.5,1.1334
50.55,1.1325
50.6,1.1317
50.65,1.1308
50.7,1.1299
50.75,1.129
50.8,1.1282
50.85,1.1273
50.9,1.1264
50.95,1.1255
51.0,1.1247
51.05,1.1238
51.1,1.123
51.15,1.1221
51.2,1.1212
51.25,1.1203
51.3,1.1195
51.35,1.1186
51.4,1.1178
51.45,1.1169
51.5,1.1161
51.55,1.1152
51.6,1.1144
51.65,1.1135
51.7,1.1126
51.75,1.1118
51.8,1.111
51.85,1.1101
51.9,1.1093
51.95,1.1084
52.0,1.1076
52.05,1.1067
52.1,1.1059
52.15,1.105
52.2,1.1042
52.25,1.1033
52.3,1.1025
52.35,1.1017
52.4,1.1009
52.45,1.1
52.5,1.0992
52.55,1.0983
52.6,1.0975
52.65,1.0967
52.7,1.0959
52.75,1.0951
52.8,1.0942
52.85,1.0934
52.9,1.0926
52.95,1.0918
53.0,1.091
53.05,1.0901
53.1,1.0893
53.15,1.0885
53.2,1.0877
53.25,1.0869
53.3,1.0861
53.35,1.0852
53.4,1.0844
53.45,1.0836
53.5,1.0828
53.55,1.082
53.6,1.0812
53.65,1.0804
53.7,1.0796
53.75,1.0788
53.8,1.078
53.85,1.0772
53.9,1.0764
53.95,1.0756
54.0,1.0748
54.05,1.074
54.1,1.0732
54.15,1.0724
54.2,1.0716
54.25,1.0708
54.3,1.0701
54.35,1.0692
54.4,1.0684
54.45,1.0676
54.5,1.0669
54.55,1.0661
54.6,1.0653
54.65,1.0645
54.7,1.0638
54.75,1.063
54.8,1.0622
54.85,1.0614
54.9,1.0606
54.95,1.0598
55.0,1.0591
55.05,1.0583
55.1,1.0575
55.15,1.0568
55.2,1.0561
55.25,1.0553
55.3,1.0545
55.35,1.0537
55.4,1.053
55.45,1.0522
55.5,1.0514
55.55,1.0507
55.6,1.05
55.65,1.0492
55.7,1.0484
55.75,1.0477
55.8,1.0469
55.85,1.0462
55.9,1.0454
55.95,1.0446
56.0,1.0439
56.05,1.0431
56.1,1.0424
56.15,1.0417
56.2,1.041
56.25,1.0402
56.3,1.0394
56.35,1.0387
56.4,1.038
56.45,1.0372
56.5,1.0365
56.55,1.0357
56.6,1.035
56.65,1.0342
56.7,1.0335
56.75,1.0326
56.8,1.0321
56.85,1.0313
56.9,1.0306
56.95,1.0299
57.0,1.0292
57.05,1.0284
57.1,1.0277
57.15,1.027
57.2,1.0263
57.25,1.0255
57.3,1.0248
57.35,1.0241
57.4,1.0234
57.45,1.0227
57.5,1.022
57.55,1.0212
57.6,1.0205
57.65,1.0198
57.7,1.0191
57.75,1.0184
57.8,1.0177
57.85,1.017
57.9,1.0163
57.95,1.0156
58.0,1.0149
58.05,1.0142
58.1,1.0135
58.15,1.0127
58.2,1.012
58.25,1.0113
58.3,1.0107
58.35,1.01
58.4,1.0093
58.45,1.0086
58.5,1.0079
58.55,1.0072
58.6,1.0065
58.65,1.0058
58.7,1.0051
58.75,1.0044
58.8,1.0037
58.85,1.003
58.9,1.0024
58.95,1.0017
59.0,1.001
59.05,1.0003
59.1,0.9997
59.15,0.99902
59.2,0.99835
59.25,0.99765
59.3,0.99695
59.35,0.99627
59.4,0.9956
59.45,0.99492
59.5,0.99425
59.55,0.99332
59.6,0.99295
59.65,0.99227
59.7,0.9916
59.75,0.99095
59.8,0.9903
59.85,0.9896
59.9,0.9889
59.95,0.98825
60.0,0.9876
60.05,0.98692
60.1,0.98625
60.15,0.9856
60.2,0.98495
60.25,0.98432
60.3,0.9837
60.35,0.98305
60.4,0.9824
60.45,0.98175
60.5,0.9811
60.55,0.98042
60.6,0.97975
60.65,0.9791
60.7,0.97845
60.75,0.9778
60.8,0.97715
60.85,0.97652
60.9,0.9759
60.95,0.97525
61.0,0.9746
61.05,0.97397
61.1,0.97335
61.15,0.97272
61.2,0.9721
61.25,0.97145
61.3,0.9708
61.35,0.97015
61.4,0.9695
61.45,0.9689
61.5,0.9683
61.55,0.96765
61.6,0.967
61.65,0.96637
61.7,0.96575
61.75,0.96512
61.8,0.9645
61.85,0.96387
61.9,0.96325
61.95,0.96265
62.0,0.96205
62.05,0.96142
62.1,0.9608
62.15,0.96017
62.2,0.95955
62.25,0.95895
62.3,0.95835
62.35,0.95772
62.4,0.9571
62.45,0.9565
62.5,0.9559
62.55,0.9553
62.6,0.9547
62.65,0.9541
62.7,0.9535
62.75,0.95287
62.8,0.95225
62.85,0.95167
62.9,0.9511
62.95,0.95047
63.0,0.94985
63.05,0.94925
63.1,0.94865
63.15,0.94805
63.2,0.94745
63.25,0.94685
63.3,0.94625
63.35,0.94565
63.4,0.94505
63.45,0.94447
63.5,0.9439
63.55,0.94332
63.6,0.94275
63.65,0.94215
63.7,0.94155
63.75,0.94097
63.8,0.9404
63.85,0.9398
63.9,0.9392
63.95,0.93862
64.0,0.93805
64.05,0.9377
64.1,0.93735
64.15,0.93655
64.2,0.93575
64.25,0.93517
64.3,0.9346
64.35,0.93402
64.4,0.93345
64.45,0.93287
64.5,0.9323
64.55,0.93172
64.6,0.93115
64.65,0.93057
64.7,0.93
64.75,0.92945
64.8,0.9289
64.85,0.92832
64.9,0.92775
64.95,0.9272
65.0,0.92665
65.05,0.92607
65.1,0.9255
65.15,0.92495
65.2,0.9244
65.25,0.92382
65.3,0.92325
65.35,0.92272
65.4,0.9222
65.45,0.92165
65.5,0.9211
65.55,0.92052
65.6,0.91995
65.65,0.9194
65.7,0.91885
65.75,0.91832
65.8,0.9178
65.85,0.91722
65.9,0.91665
65.95,0.91612
66.0,0.9156
66.05,0.91505
66.1,0.9145
66.15,0.91397
66.2,0.91345
66.25,0.9129
66.3,0.91235
66.35,0.91182
66.4,0.9113
66.45,0.91075
66.5,0.9102
66.55,0.90967
66.6,0.90915
66.65,0.9086
66.7,0.90805
66.75,0.90752
66.8,0.907
66.85,0.90647
66.9,0.90595
66.95,0.90542
67.0,0.9049
67.05,0.90437
67.1,0.90385
67.15,0.90332
67.2,0.9028
67.25,0.90227
67.3,0.90175
67.35,0.90125
67.4,0.90075
67.45,0.89995
67.5,0.89995
67.55,0.89867
67.6,0.8982
67.65,0.89775
67.7,0.8973
67.75,0.89682
67.8,0.89635
67.85,0.89587
67.9,0.8954
67.95,0.89495
68.0,0.8945
68.05,0.89402
68.1,0.89355
68.15,0.89307
68.2,0.8926
68.25,0.89215
68.3,0.8917
68.35,0.89122
68.4,0.89075
68.45,0.8903
68.5,0.88985
68.55,0.8894
68.6,0.88895
68.65,0.8885
68.7,0.88805
68.75,0.8876
68.8,0.88715
68.85,0.8867
68.9,0.88625
68.95,0.88577
69.0,0.8853
69.05,0.88485
69.1,0.8844
69.15,0.88395
69.2,0.8835
69.25,0.88307
69.3,0.88265
69.35,0.8822
69.4,0.88175
69.45,0.8813
69.5,0.88085
69.55,0.8804
69.6,0.87995
69.65,0.87952
69.7,0.8791
69.75,0.87865
69.8,0.8782
69.85,0.87775
69.9,0.8773
69.95,0.87687
70.0,0.87645
70.05,0.87602
70.1,0.8756
70.15,0.87515
70.2,0.8747
70.25,0.87427
70.3,0.87385
70.35,0.87342
70.4,0.873
70.45,0.87257
70.5,0.87215
70.55,0.8717
70.6,0.87125
70.65,0.87082
70.7,0.8704
70.75,0.86997
70.8,0.86955
70.85,0.86912
70.9,0.8687
70.95,0.86827
71.0,0.86785
71.05,0.86742
71.1,0.867
71.15,0.8666
71.2,0.8662
71.25,0.86575
71.3,0.8653
71.35,0.8649
71.4,0.8645
71.45,0.8641
71.5,0.8637
71.55,0.86327
71.6,0.86285
71.65,0.86245
71.7,0.86205
71.75,0.86162
71.8,0.8612
71.85,0.86077
71.9,0.86035
71.95,0.85995
72.0,0.85955
72.05,0.85912
72.1,0.8587
72.15,0.8583
72.2,0.8579
72.25,0.85752
72.3,0.85715
72.35,0.85672
72.4,0.8563
72.45,0.8559
72.5,0.8555
72.55,0.8551
72.6,0.8547
72.65,0.85427
72.7,0.85385
72.75,0.85345
72.8,0.85305
72.85,0.85267
72.9,0.8523
72.95,0.8519
73.0,0.8515
73.05,0.8511
73.1,0.8507
73.15,0.8503
73.2,0.8499
73.25,0.8495
73.3,0.8491
73.35,0.84872
73.4,0.84835
73.45,0.84795
73.5,0.84755
73.55,0.84717
73.6,0.8468
73.65,0.84642
73.7,0.84605
73.75,0.84565
73.8,0.84525
73.85,0.84485
73.9,0.84445
73.95,0.84405
74.0,0.84365
74.05,0.84327
74.1,0.8429
74.15,0.84252
74.2,0.84215
74.25,0.84177
74.3,0.8414
74.35,0.84102
74.4,0.84065
74.45,0.84027
74.5,0.8399
74.55,0.8395
74.6,0.8391
74.65,0.83872
74.7,0.83835
74.75,0.83797
74.8,0.8376
74.85,0.83722
74.9,0.83685
74.95,0.83647
75.0,0.8361
75.05,0.83572
75.1,0.83535
75.15,0.835
75.2,0.83465
75.25,0.8343
75.3,0.83395
75.35,0.83357
75.4,0.8332
75.45,0.83282
75.5,0.83245
75.55,0.83207
75.6,0.8317
75.65,0.83135
75.7,0.831
75.75,0.83062
75.8,0.83025
75.85,0.82987
75.9,0.8295
75.95,0.82917
76.0,0.82885
76.05,0.82847
76.1,0.8281
76.15,0.82775
76.2,0.8274
76.25,0.82702
76.3,0.82665
76.35,0.8263
76.4,0.82595
76.45,0.8256
76.5,0.82525
76.55,0.8249
76.6,0.82455
76.65,0.82417
76.7,0.8238
76.75,0.82347
76.8,0.82315
76.85,0.8228
76.9,0.82245
76.95,0.82207
77.0,0.8217
77.05,0.82137
77.1,0.82105
77.15,0.8207
77.2,0.82035
77.25,0.82
77.3,0.81965
77.35,0.81932
77.4,0.819
77.45,0.81862
77.5,0.81825
77.55,0.8179
77.6,0.81755
77.65,0.81722
77.7,0.8169
77.75,0.81655
77.8,0.8162
77.85,0.81587
77.9,0.81555
77.95,0.8152
78.0,0.81485
78.05,0.8145
78.1,0.81415
78.15,0.81382
78.2,0.8135
78.25,0.81317
78.3,0.81285
78.35,0.81252
78.4,0.8122
78.45,0.81155
78.5,0.8115
78.55,0.81117
78.6,0.81085
78.65,0.8105
78.7,0.81015
78.75,0.80985
78.8,0.80955
78.85,0.80922
78.9,0.8089
78.95,0.80855
79.0,0.8082
79.05,0.8079
79.1,0.8076
79.15,0.80725
79.2,0.8069
79.25,0.80657
79.3,0.80625
79.35,0.80592
79.4,0.8056
79.45,0.80527
79.5,0.80495
79.55,0.80465
79.6,0.80435
79.65,0.804
79.7,0.80365
79.75,0.80335
79.8,0.80305
79.85,0.80272
79.9,0.8024
79.95,0.80207
80.0,0.80175
80.05,0.80145
80.1,0.80115
80.15,0.80082
80.2,0.8005
80.25,0.80017
80.3,0.79985
80.35,0.79955
80.4,0.79925
80.45,0.79895
80.5,0.79865
80.55,0.79832
80.6,0.798
80.65,0.79767
80.7,0.79735
80.75,0.79705
80.8,0.79675
80.85,0.79645
80.9,0.79615
80.95,0.79585
81.0,0.79555
81.05,0.79525
81.1,0.79495
81.15,0.79462
81.2,0.7943
81.25,0.794
81.3,0.7937
81.35,0.7934
81.4,0.7931
81.45,0.7928
81.5,0.7925
81.55,0.7922
81.6,0.7919
81.65,0.7916
81.7,0.7913
81.75,0.791
81.8,0.7907
81.85,0.79037
81.9,0.79005
81.95,0.78975
82.0,0.78945
82.05,0.78917
82.1,0.7889
82.15,0.7886
82.2,0.7883
82.25,0.788
82.3,0.7877
82.35,0.7874
82.4,0.7871
82.45,0.78682
82.5,0.78655
82.55,0.78625
82.6,0.78595
82.65,0.78565
82.7,0.78535
82.75,0.78507
82.8,0.7848
82.85,0.7845
82.9,0.7842
82.95,0.78392
83.0,0.78365
83.05,0.78335
83.1,0.78305
83.15,0.78277
83.2,0.7825
83.25,0.7822
83.3,0.7819
83.35,0.78162
83.4,0.78135
83.45,0.78105
83.5,0.78075
83.55,0.78047
83.6,0.7802
83.65,0.7799
83.7,0.7796
83.75,0.77932
83.8,0.77905
83.85,0.7788
83.9,0.77855
83.95,0.77825
84.0,0.77795
84.05,0.77767
84.1,0.7774
84.15,0.77712
84.2,0.77685
84.25,0.77657
84.3,0.7763
84.35,0.776
84.4,0.7757
84.45,0.77542
84.5,0.77515
84.55,0.7749
84.6,0.77465
84.65,0.77437
84.7,0.7741
84.75,0.77382
84.8,0.77355
84.85,0.77327
84.9,0.773
84.95,0.77272
85.0,0.77245
85.05,0.7722
85.1,0.77195
85.15,0.77167
85.2,0.7714
85.25,0.77112
85.3,0.77085
85.35,0.77057
85.4,0.7703
85.45,0.77005
85.5,0.7698
85.55,0.76952
85.6,0.76925
85.65,0.76897
85.7,0.7687
85.75,0.76845
85.8,0.7682
85.85,0.76792
85.9,0.76765
85.95,0.76737
86.0,0.7671
86.05,0.76685
86.1,0.7666
86.15,0.76635
86.2,0.7661
86.25,0.76582
86.3,0.76555
86.35,0.7653
86.4,0.76505
86.45,0.76477
86.5,0.7645
86.55,0.76425
86.6,0.764
86.65,0.76375
86.7,0.7635
86.75,0.76322
86.8,0.76295
86.85,0.76272
86.9,0.7625
86.95,0.76222
87.0,0.76195
87.05,0.7617
87.1,0.76145
87.15,0.7612
87.2,0.76095
87.25,0.76067
87.3,0.7604
87.35,0.76017
87.4,0.75995
87.45,0.75967
87.5,0.7594
87.55,0.75917
87.6,0.75895
87.65,0.75867
87.7,0.7584
87.75,0.75817
87.8,0.75795
87.85,0.7577
87.9,0.75745
87.95,0.7572
88.0,0.75695
88.05,0.7567
88.1,0.75645
88.15,0.75622
88.2,0.756
88.25,0.75572
88.3,0.75545
88.35,0.75522
88.4,0.755
88.45,0.75475
88.5,0.7545
88.55,0.75425
88.6,0.754
88.65,0.75375
88.7,0.7535
88.75,0.75327
88.8,0.75305
88.85,0.75282
88.9,0.7526
88.95,0.75232
89.0,0.75205
89.05,0.75182
89.1,0.7516
89.15,0.75137
89.2,0.75115
89.25,0.7509
89.3,0.75065
89.35,0.75042
89.4,0.7502
89.45,0.74995
89.5,0.7497
89.55,0.74947
89.6,0.74925
89.65,0.74897
89.7,0.7487
89.75,0.7485
89.8,0.7483
89.85,0.74807
89.9,0.74785
89.95,0.7477
90.0,0.74755
90.05,0.74737
90.1,0.7472
90.15,0.747
90.2,0.7468
90.25,0.74662
90.3,0.74645
90.35,0.74625
90.4,0.74605
90.45,0.74587
90.5,0.7457
90.55,0.74552
90.6,0.74535
90.65,0.74515
90.7,0.74495
90.75,0.74477
90.8,0.7446
90.85,0.74445
90.9,0.7443
90.95,0.7441
91.0,0.7439
91.05,0.74372
91.1,0.74355
91.15,0.74335
91.2,0.74315
91.25,0.74297
91.3,0.7428
91.35,0.74265
91.4,0.7425
91.45,0.7423
91.5,0.7421
91.55,0.74192
91.6,0.74175
91.65,0.7416
91.7,0.74145
91.75,0.74125
91.8,0.74105
91.85,0.74087
91.9,0.7407
91.95,0.74055
92.0,0.7404
92.05,0.7402
92.1,0.74
92.15,0.73985
92.2,0.7397
92.25,0.73952
92.3,0.73935
92.35,0.73915
92.4,0.73895
92.45,0.7388
92.5,0.73865
92.55,0.73847
92.6,0.7383
92.65,0.73812
92.7,0.73795
92.75,0.73777
92.8,0.7376
92.85,0.73745
92.9,0.7373
92.95,0.73712
93.0,0.73695
93.05,0.73677
93.1,0.7366
93.15,0.73645
93.2,0.7363
93.25,0.73612
93.3,0.73595
93.35,0.73577
93.4,0.7356
93.45,0.73545
93.5,0.7353
93.55,0.73512
93.6,0.73495
93.65,0.73477
93.7,0.7346
93.75,0.73445
93.8,0.7343
93.85,0.73412
93.9,0.73395
93.95,0.7338
94.0,0.73365
94.05,0.73347
94.1,0.7333
94.15,0.73312
94.2,0.73295
94.25,0.7328
94.3,0.73265
94.35,0.7325
94.4,0.73235
94.45,0.73217
94.5,0.732
94.55,0.73185
94.6,0.7317
94.65,0.73152
94.7,0.73135
94.75,0.7312
94.8,0.73105
94.85,0.73087
94.9,0.7307
94.95,0.73055
95.0,0.7304
95.05,0.73025
95.1,0.7301
95.15,0.72995
95.2,0.7298
95.25,0.72962
95.3,0.72945
95.35,0.7293
95.4,0.72915
95.45,0.729
95.5,0.72885
95.55,0.7287
95.6,0.72855
95.65,0.7284
95.7,0.72825
95.75,0.72807
95.8,0.7279
95.85,0.72775
95.9,0.7276
95.95,0.72745
96.0,0.7273
96.05,0.72715
96.1,0.727
96.15,0.72685
96.2,0.7267
96.25,0.72652
96.3,0.72635
96.35,0.7262
96.4,0.72605
96.45,0.7259
96.5,0.72575
96.55,0.7256
96.6,0.72545
96.65,0.7253
96.7,0.72515
96.75,0.725
96.8,0.72485
96.85,0.72467
96.9,0.7245
96.95,0.72437
97.0,0.72425
97.05,0.7241
97.1,0.72395
97.15,0.7238
97.2,0.72365
97.25,0.7235
97.3,0.72335
97.35,0.7232
97.4,0.72305
97.45,0.7229
97.5,0.72275
97.55,0.7226
97.6,0.72245
97.65,0.7223
97.7,0.72215
97.75,0.722
97.8,0.72185
97.85,0.72172
97.9,0.7216
97.95,0.72145
98.0,0.7213
98.05,0.72115
98.1,0.721
98.15,0.72085
98.2,0.7207
98.25,0.72055
98.3,0.7204
98.35,0.72025
98.4,0.7201
98.45,0.71997
98.5,0.71985
98.55,0.7197
98.6,0.71955
98.65,0.71942
98.7,0.7193
98.75,0.71915
98.8,0.719
98.85,0.71885
98.9,0.7187
98.95,0.71857
99.0,0.71845
99.05,0.71827
99.1,0.7181
99.15,0.71797
99.2,0.71785
99.25,0.7177
99.3,0.71755
99.35,0.71742
99.4,0.7173
99.45,0.71715
99.5,0.717
99.55,0.71687
99.6,0.71675
99.65,0.7166
99.7,0.71645
99.75,0.71632
99.8,0.7162
99.85,0.71605
99.9,0.7159
99.95,0.71577
100.0,0.71565
100.05,0.7155
100.1,0.71535
100.15,0.71522
100.2,0.7151
100.25,0.71495
100.3,0.7148
100.35,0.71465
100.4,0.7145
100.45,0.71437
100.5,0.71425
100.55,0.7141
100.6,0.71395
100.65,0.71382
100.7,0.7137
100.75,0.71357
100.8,0.71345
100.85,0.7133
100.9,0.71315
100.95,0.71302
101.0,0.7129
101.05,0.71277
101.1,0.71265
101.15,0.7125
101.2,0.71235
101.25,0.71222
101.3,0.7121
101.35,0.71197
101.4,0.71185
101.45,0.71172
101.5,0.7116
101.55,0.71145
101.6,0.7113
101.65,0.71117
101.7,0.71105
101.75,0.71092
101.8,0.7108
101.85,0.71067
101.9,0.71055
101.95,0.7104
102.0,0.71025
102.05,0.71012
102.1,0.71
102.15,0.70987
102.2,0.70975
102.25,0.70962
102.3,0.7095
102.35,0.70937
102.4,0.70925
102.45,0.7091
102.5,0.70895
102.55,0.70882
102.6,0.7087
102.65,0.70857
102.7,0.70845
102.75,0.70832
102.8,0.7082
102.85,0.70807
102.9,0.70795
102.95,0.70782
103.0,0.7077
103.05,0.70757
103.1,0.70745
103.15,0.7073
103.2,0.70715
103.25,0.70702
103.3,0.7069
103.35,0.70677
103.4,0.70665
103.45,0.70652
103.5,0.7064
103.55,0.70627
103.6,0.70615
103.65,0.70602
103.7,0.7059
103.75,0.70577
103.8,0.70565
103.85,0.70552
103.9,0.7054
103.95,0.70527
104.0,0.70515
104.05,0.70502
104.1,0.7049
104.15,0.7048
104.2,0.7047
104.25,0.70457
104.3,0.70445
104.35,0.70432
104.4,0.7042
104.45,0.70407
104.5,0.70395
104.55,0.70382
104.6,0.7037
104.65,0.70357
104.7,0.70345
104.75,0.70332
104.8,0.7032
104.85,0.70307
104.9,0.70295
104.95,0.70282
105.0,0.7027
105.05,0.70257
105.1,0.70245
105.15,0.70235
105.2,0.70225
105.25,0.70212
105.3,0.702
105.35,0.70187
105.4,0.70175
105.45,0.70165
105.5,0.70155
105.55,0.70142
105.6,0.7013
105.65,0.70117
105.7,0.70105
105.75,0.70092
105.8,0.7008
105.85,0.70067
105.9,0.70055
105.95,0.70042
106.0,0.7003
106.05,0.7002
106.1,0.7001
106.15,0.69997
106.2,0.69985
106.25,0.69972
106.3,0.6996
106.35,0.6995
106.4,0.6994
106.45,0.69927
106.5,0.69915
106.55,0.69905
106.6,0.69895
106.65,0.69882
106.7,0.6987
106.75,0.69857
106.8,0.69845
106.85,0.69832
106.9,0.6982
106.95,0.69807
107.0,0.69795
107.05,0.69785
107.1,0.69775
107.15,0.69765
107.2,0.69755
107.25,0.69742
107.3,0.6973
107.35,0.69717
107.4,0.69705
107.45,0.69695
107.5,0.69685
107.55,0.69672
107.6,0.6966
107.65,0.69647
107.7,0.69635
107.75,0.69627
107.8,0.6962
107.85,0.69607
107.9,0.69595
107.95,0.69582
108.0,0.6957
108.05,0.69557
108.1,0.69545
108.15,0.69535
108.2,0.69525
108.25,0.69512
108.3,0.695
108.35,0.6949
108.4,0.6948
108.45,0.6947
108.5,0.6946
108.55,0.69447
108.6,0.69435
108.65,0.69425
108.7,0.69415
108.75,0.69402
108.8,0.6939
108.85,0.69377
108.9,0.69365
108.95,0.69357
109.0,0.6935
109.05,0.69337
109.1,0.69325
109.15,0.69312
109.2,0.693
109.25,0.6929
109.3,0.6928
109.35,0.69267
109.4,0.69255
109.45,0.69247
109.5,0.6924
109.55,0.69227
109.6,0.69215
109.65,0.69202
109.7,0.6919
109.75,0.6918
109.8,0.6917
109.85,0.6916
109.9,0.6915
109.95,0.69142
110.0,0.69135
110.05,0.69127
110.1,0.6912
110.15,0.69112
110.2,0.69105
110.25,0.69097
110.3,0.6909
110.35,0.69082
110.4,0.69075
110.45,0.69067
110.5,0.6906
110.55,0.69052
110.6,0.69045
110.65,0.69037
110.7,0.6903
110.75,0.69022
110.8,0.69015
110.85,0.6901
110.9,0.69005
110.95,0.68995
111.0,0.68985
111.05,0.6898
111.1,0.68975
111.15,0.68967
111.2,0.6896
111.25,0.68952
111.3,0.68945
111.35,0.68937
111.4,0.6893
111.45,0.68922
111.5,0.68915
111.55,0.68907
111.6,0.689
111.65,0.68895
111.7,0.6889
111.75,0.6888
111.8,0.6887
111.85,0.68865
111.9,0.6886
111.95,0.68855
112.0,0.6885
112.05,0.6884
112.1,0.6883
112.15,0.68825
112.2,0.6882
112.25,0.6881
112.3,0.688
112.35,0.68795
112.4,0.6879
112.45,0.68782
112.5,0.68775
112.55,0.68767
112.6,0.6876
112.65,0.68752
112.7,0.68745
112.75,0.6874
112.8,0.68735
112.85,0.68727
112.9,0.6872
112.95,0.68712
113.0,0.68705
113.05,0.68697
113.1,0.6869
113.15,0.68682
113.2,0.68675
113.25,0.6867
113.3,0.68665
113.35,0.68657
113.4,0.6865
113.45,0.68642
113.5,0.68635
113.55,0.6863
113.6,0.68625
113.65,0.68617
113.7,0.6861
113.75,0.68602
113.8,0.68595
113.85,0.6859
113.9,0.68585
113.95,0.68575
114.0,0.68565
114.05,0.6856
114.1,0.68555
114.15,0.68547
114.2,0.6854
114.25,0.68532
114.3,0.68525
114.35,0.6852
114.4,0.68515
114.45,0.68507
114.5,0.685
114.55,0.68492
114.6,0.68485
114.65,0.6848
114.7,0.68475
114.75,0.68467
114.8,0.6846
114.85,0.68452
114.9,0.68445
114.95,0.6844
115.0,0.68435
115.05,0.68427
115.1,0.6842
115.15,0.68412
115.2,0.68405
115.25,0.68397
115.3,0.6839
115.35,0.68385
115.4,0.6838
115.45,0.68372
115.5,0.68365
115.55,0.68357
115.6,0.6835
115.65,0.68345
115.7,0.6834
115.75,0.68335
115.8,0.6833
115.85,0.6832
115.9,0.6831
115.95,0.68305
116.0,0.683
116.05,0.68295
116.1,0.6829
116.15,0.6828
116.2,0.6827
116.25,0.68265
116.3,0.6826
116.35,0.68255
116.4,0.6825
116.45,0.68242
116.5,0.68235
116.55,0.68227
116.6,0.6822
116.65,0.68215
116.7,0.6821
116.75,0.68202
116.8,0.68195
116.85,0.68187
116.9,0.6818
116.95,0.68175
117.0,0.6817
117.05,0.68162
117.1,0.68155
117.15,0.6815
117.2,0.68145
117.25,0.68137
117.3,0.6813
117.35,0.68122
117.4,0.68115
117.45,0.6811
117.5,0.68105
117.55,0.681
117.6,0.68095
117.65,0.68085
117.7,0.68075
117.75,0.6807
117.8,0.68065
117.85,0.6806
117.9,0.68055
117.95,0.68047
118.0,0.6804
118.05,0.68035
118.1,0.6803
118.15,0.68022
118.2,0.68015
118.25,0.68007
118.3,0.68
118.35,0.67995
118.4,0.6799
118.45,0.67985
118.5,0.6798
118.55,0.6797
118.6,0.6796
118.65,0.67955
118.7,0.6795
118.75,0.67945
118.8,0.6794
118.85,0.67932
118.9,0.67925
118.95,0.6792
119.0,0.67915
119.05,0.67907
119.1,0.679
119.15,0.67892
119.2,0.67885
119.25,0.6788
119.3,0.67875
119.35,0.6787
119.4,0.67865
119.45,0.67857
119.5,0.6785
119.55,0.67842
119.6,0.67835
119.65,0.6783
119.7,0.67825
119.75,0.67817
119.8,0.6781
119.85,0.67805
119.9,0.678
119.95,0.67795
120.0,0.6779
120.05,0.6778
120.1,0.6777
120.15,0.67765
120.2,0.6776
120.25,0.67755
120.3,0.6775
120.35,0.67742
120.4,0.67735
120.45,0.6773
120.5,0.67725
120.55,0.67717
120.6,0.6771
120.65,0.67702
120.7,0.67695
120.75,0.6769
120.8,0.67685
120.85,0.6768
120.9,0.67675
120.95,0.67667
121.0,0.6766
121.05,0.67655
121.1,0.6765
121.15,0.67642
121.2,0.67635
121.25,0.67627
121.3,0.6762
121.35,0.67615
121.4,0.6761
121.45,0.67605
121.5,0.676
121.55,0.67592
121.6,0.67585
121.65,0.6758
121.7,0.67575
121.75,0.67567
121.8,0.6756
121.85,0.67555
121.9,0.6755
121.95,0.67542
122.0,0.67535
122.05,0.6753
122.1,0.67525
122.15,0.6752
122.2,0.67515
122.25,0.67507
122.3,0.675
122.35,0.67495
122.4,0.6749
122.45,0.67482
122.5,0.67475
122.55,0.67467
122.6,0.6746
122.65,0.67455
122.7,0.6745
122.75,0.67445
122.8,0.6744
122.85,0.67432
122.9,0.67425
122.95,0.6742
123.0,0.67415
123.05,0.67407
123.1,0.674
123.15,0.67395
123.2,0.6739
123.25,0.67382
123.3,0.67375
123.35,0.6737
123.4,0.67365
123.45,0.6736
123.5,0.67355
123.55,0.67347
123.6,0.6734
123.65,0.67335
123.7,0.6733
123.75,0.67325
123.8,0.6732
123.85,0.6731
123.9,0.673
123.95,0.67295
124.0,0.6729
124.05,0.67285
124.1,0.6728
124.15,0.67275
124.2,0.6727
124.25,0.67262
124.3,0.67255
124.35,0.6725
124.4,0.67245
124.45,0.6724
124.5,0.67235
124.55,0.67225
124.6,0.67215
124.65,0.6721
124.7,0.67205
124.75,0.672
124.8,0.67195
124.85,0.67187
124.9,0.6718
124.95,0.67175
125.0,0.6717
125.05,0.67165
125.1,0.6716
125.15,0.67155
125.2,0.6715
125.25,0.67142
125.3,0.67135
125.35,0.67127
125.4,0.6712
125.45,0.67115
125.5,0.6711
125.55,0.67102
125.6,0.67095
125.65,0.6709
125.7,0.67085
125.75,0.6708
125.8,0.67075
125.85,0.6707
125.9,0.67065
125.95,0.67057
126.0,0.6705
126.05,0.67045
126.1,0.6704
126.15,0.67035
126.2,0.6703
126.25,0.6702
126.3,0.6701
126.35,0.67005
126.4,0.67
126.45,0.66995
126.5,0.6699
126.55,0.66985
126.6,0.6698
126.65,0.66972
126.7,0.66965
126.75,0.6696
126.8,0.66955
126.85,0.6695
126.9,0.66945
126.95,0.66937
127.0,0.6693
127.05,0.66922
127.1,0.66915
127.15,0.6691
127.2,0.66905
127.25,0.669
127.3,0.66895
127.35,0.66887
127.4,0.6688
127.45,0.66875
127.5,0.6687
127.55,0.66865
127.6,0.6686
127.65,0.66852
127.7,0.66845
127.75,0.6684
127.8,0.66835
127.85,0.6683
127.9,0.66825
127.95,0.66817
128.0,0.6681
128.05,0.66802
128.1,0.66795
128.15,0.6679
128.2,0.66785
128.25,0.6678
128.3,0.66775
128.35,0.6677
128.4,0.66765
128.45,0.66757
128.5,0.6675
128.55,0.66745
128.6,0.6674
128.65,0.66735
128.7,0.6673
128.75,0.66722
128.8,0.66715
128.85,0.66707
128.9,0.667
128.95,0.66695
129.0,0.6669
129.05,0.66685
129.1,0.6668
129.15,0.66672
129.2,0.66665
129.25,0.6666
129.3,0.66655
129.35,0.6665
129.4,0.66645
129.45,0.6664
129.5,0.66635
129.55,0.66627
129.6,0.6662
129.65,0.66615
129.7,0.6661
129.75,0.66605
129.8,0.666
129.85,0.66592
129.9,0.66585
129.95,0.66577
130.0,0.6657
130.05,0.66565
130.1,0.6656
130.15,0.66555
130.2,0.6655
130.25,0.66545
130.3,0.6654
130.35,0.66532
130.4,0.66525
130.45,0.6652
130.5,0.66515
130.55,0.6651
130.6,0.66505
130.65,0.66497
130.7,0.6649
130.75,0.66485
130.8,0.6648
130.85,0.66472
130.9,0.66465
130.95,0.6646
131.0,0.66455
131.05,0.66447
131.1,0.6644
131.15,0.66435
131.2,0.6643
131.25,0.66425
131.3,0.6642
131.35,0.66415
131.4,0.6641
131.45,0.66402
131.5,0.66395
131.55,0.6639
131.6,0.66385
131.65,0.6638
131.7,0.66375
131.75,0.6637
131.8,0.66365
131.85,0.66355
131.9,0.66345
131.95,0.6634
132.0,0.66335
132.05,0.6633
132.1,0.66325
132.15,0.6632
132.2,0.66315
132.25,0.66307
132.3,0.663
132.35,0.66295
132.4,0.6629
132.45,0.66285
132.5,0.6628
132.55,0.66275
132.6,0.6627
132.65,0.66262
132.7,0.66255
132.75,0.6625
132.8,0.66245
132.85,0.6624
132.9,0.66235
132.95,0.66227
133.0,0.6622
133.05,0.66212
133.1,0.66205
133.15,0.662
133.2,0.66195
133.25,0.6619
133.3,0.68185
133.35,0.6618
133.4,0.66175
133.45,0.66167
133.5,0.6616
133.55,0.66155
133.6,0.6615
133.65,0.66145
133.7,0.6614
133.75,0.66135
133.8,0.6613
133.85,0.66122
133.9,0.66115
133.95,0.6611
134.0,0.66105
134.05,0.66097
134.1,0.6609
134.15,0.66085
134.2,0.6608
134.25,0.66075
134.3,0.6607
134.35,0.66062
134.4,0.66055
134.45,0.6605
134.5,0.66045
134.55,0.6604
134.6,0.66035
134.65,0.6603
134.7,0.66025
134.75,0.66017
134.8,0.6601
134.85,0.66005
134.9,0.66
134.95,0.65995
135.0,0.6599
135.05,0.65985
135.1,0.6598
135.15,0.65972
135.2,0.65965
135.25,0.65957
135.3,0.6595
135.35,0.65945
135.4,0.6594
135.45,0.65935
135.5,0.6593
135.55,0.65922
135.6,0.65915
135.65,0.6591
135.7,0.65905
135.75,0.659
135.8,0.65895
135.85,0.6589
135.9,0.65885
135.95,0.6588
136.0,0.65875
136.05,0.65867
136.1,0.6586
136.15,0.65855
136.2,0.6585
136.25,0.65845
136.3,0.6584
136.35,0.65835
136.4,0.6583
136.45,0.65822
136.5,0.65815
136.55,0.6581
136.6,0.65805
136.65,0.658
136.7,0.65795
136.75,0.65787
136.8,0.6578
136.85,0.65775
136.9,0.6577
136.95,0.65762
137.0,0.65755
137.05,0.6575
137.1,0.65745
137.15,0.6574
137.2,0.65735
137.25,0.6573
137.3,0.65725
137.35,0.65717
137.4,0.6571
137.45,0.65705
137.5,0.657
137.55,0.65965
137.6,0.6569
137.65,0.65685
137.7,0.6568
137.75,0.65675
137.8,0.6567
137.85,0.65662
137.9,0.65655
137.95,0.6565
138.0,0.65645
138.05,0.6564
138.1,0.65635
138.15,0.6563
138.2,0.65625
138.25,0.65617
138.3,0.6561
138.35,0.65605
138.4,0.656
138.45,0.65595
138.5,0.6559
138.55,0.65585
138.6,0.6558
138.65,0.65575
138.7,0.6557
138.75,0.65562
138.8,0.65555
138.85,0.65547
138.9,0.6554
138.95,0.65535
139.0,0.6553
139.05,0.65525
139.1,0.6552
139.15,0.65515
139.2,0.6551
139.25,0.65502
139.3,0.65495
139.35,0.6549
139.4,0.65485
139.45,0.6548
139.5,0.65475
139.55,0.6547
139.6,0.65465
139.65,0.6546
139.7,0.65455
139.75,0.65447
139.8,0.6544
139.85,0.65435
139.9,0.6543
139.95,0.65425
140.0,0.6542
140.05,0.65417
140.1,0.65414
140.15,0.65409
140.2,0.65404
140.25,0.65398
140.3,0.65393
140.35,0.65388
140.4,0.65383
140.45,0.65377
140.5,0.65372
140.55,0.65367
140.6,0.65362
140.65,0.65356
140.7,0.65351
140.75,0.65346
140.8,0.65341
140.85,0.65335
140.9,0.6533
140.95,0.65325
141.0,0.6532
141.05,0.65314
141.1,0.65309
141.15,0.65304
141.2,0.65299
141.25,0.65293
141.3,0.65288
141.35,0.65283
141.4,0.65278
141.45,0.65272
141.5,0.65267
141.55,0.65262
141.6,0.65257
141.65,0.65251
141.7,0.65246
141.75,0.65243
141.8,0.65241
141.85,0.65235
141.9,0.6523
141.95,0.65225
142.0,0.6522
142.05,0.65214
142.1,0.65209
142.15,0.65204
142.2,0.65199
142.25,0.65193
142.3,0.65188
142.35,0.65183
142.4,0.65179
142.45,0.65173
142.5,0.65168
142.55,0.65163
142.6,0.65158
142.65,0.65152
142.7,0.65147
142.75,0.65142
142.8,0.65137
142.85,0.65131
142.9,0.65126
142.95,0.65121
143.0,0.65116
143.05,0.6511
143.1,0.65105
143.15,0.651
143.2,0.65095
143.25,0.65089
143.3,0.65084
143.35,0.65081
143.4,0.65076
143.45,0.65071
143.5,0.65068
143.55,0.65063
143.6,0.65058
143.65,0.65053
143.7,0.65047
143.75,0.65042
143.8,0.65037
143.85,0.65031
143.9,0.65026
143.95,0.65021
144.0,0.65016
144.05,0.6501
144.1,0.65005
144.15,0.65
144.2,0.64995
144.25,0.64992
144.3,0.64989
144.35,0.64984
144.4,0.64979
144.45,0.64973
144.5,0.64968
144.55,0.64963
144.6,0.64958
144.65,0.64952
144.7,0.64947
144.75,0.64942
144.8,0.64937
144.85,0.64931
144.9,0.64926
144.95,0.64923
145.0,0.64921
145.05,0.64916
145.1,0.64911
145.15,0.64906
145.2,0.64901
145.25,0.64896
145.3,0.64891
145.35,0.64886
145.4,0.64881
145.45,0.64876
145.5,0.64871
145.55,0.64868
145.6,0.64866
145.65,0.64861
145.7,0.64856
145.75,0.64851
145.8,0.64846
145.85,0.64841
145.9,0.64826
145.95,0.64831
146.0,0.64826
146.05,0.64823
146.1,0.64821
146.15,0.64816
146.2,0.64811
146.25,0.64806
146.3,0.64801
146.35,0.64796
146.4,0.64791
146.45,0.64786
146.5,0.64781
146.55,0.64778
146.6,0.64776
146.65,0.64771
146.7,0.64766
146.75,0.64761
146.8,0.64756
146.85,0.64751
146.9,0.64746
146.95,0.64743
147.0,0.64741
147.05,0.64736
147.1,0.64731
147.15,0.64726
147.2,0.64721
147.25,0.64718
147.3,0.64716
147.35,0.64711
147.4,0.64706
147.45,0.64701
147.5,0.64696
147.55,0.64691
147.6,0.64686
147.65,0.64683
147.7,0.64681
147.75,0.64676
147.8,0.64671
147.85,0.64666
147.9,0.64661
147.95,0.64658
148.0,0.64656
148.05,0.64651
148.1,0.64646
148.15,0.64641
148.2,0.64636
148.25,0.64633
148.3,0.64631
148.35,0.64626
148.4,0.64621
148.45,0.64616
148.5,0.64611
148.55,0.64608
148.6,0.64606
148.65,0.64601
148.7,0.64596
148.75,0.64593
148.8,0.64591
148.85,0.64586
148.9,0.64581
148.95,0.64576
149.0,0.64571
149.05,0.64568
149.1,0.64566
149.15,0.64561
149.2,0.64556
149.25,0.64553
149.3,0.64551
149.35,0.64546
149.4,0.64541
149.45,0.64538
149.5,0.64586
149.55,0.64531
149.6,0.64526
149.65,0.64521
149.7,0.64516
149.75,0.64513
149.8,0.64511
149.85,0.64506
149.9,0.64501
149.95,0.64498
150.0,0.64496
150.05,0.64491
150.1,0.64486
150.15,0.64483
150.2,0.64481
150.25,0.64476
150.3,0.64471
150.35,0.64468
150.4,0.64466
150.45,0.64461
150.5,0.64456
150.55,0.64453
150.6,0.64451
150.65,0.64446
150.7,0.64441
150.75,0.64438
150.8,0.64436
150.85,0.64433
150.9,0.64431
150.95,0.64426
151.0,0.64421
151.05,0.64417
151.1,0.64413
151.15,0.64409
151.2,0.64406
151.25,0.64402
151.3,0.64398
151.35,0.64394
151.4,0.64391
151.45,0.64387
151.5,0.64383
151.55,0.64379
151.6,0.64376
151.65,0.64372
151.7,0.64368
151.75,0.64364
151.8,0.64361
151.85,0.64357
151.9,0.64353
151.95,0.64349
152.0,0.64346
152.05,0.64342
152.1,0.64338
152.15,0.64334
152.2,0.64331
152.25,0.64327
152.3,0.64323
152.35,0.64319
152.4,0.64316
152.45,0.64312
152.5,0.64308
152.55,0.64304
152.6,0.64301
152.65,0.64297
152.7,0.64293
152.75,0.64289
152.8,0.64286
152.85,0.64282
152.9,0.64278
152.95,0.64274
153.0,0.64271
153.05,0.64267
153.1,0.64263
153.15,0.64259
153.2,0.64256
153.25,0.64252
153.3,0.64248
153.35,0.64244
153.4,0.64241
153.45,0.64237
153.5,0.64233
153.55,0.64229
153.6,0.64226
153.65,0.64222
153.7,0.64218
153.75,0.64214
153.8,0.64211
153.85,0.64207
153.9,0.64203
153.95,0.64199
154.0,0.64196
154.05,0.64192
154.1,0.64188
154.15,0.64184
154.2,0.64181
154.25,0.64177
154.3,0.64173
154.35,0.64169
154.4,0.64166
154.45,0.64162
154.5,0.64158
154.55,0.64154
154.6,0.64151
154.65,0.64147
154.7,0.64143
154.75,0.64139
154.8,0.64136
154.85,0.64132
154.9,0.64128
154.95,0.64124
155.0,0.64121
155.05,0.64117
155.1,0.64114
155.15,0.6411
155.2,0.64107
155.25,0.64103
155.3,0.641
155.35,0.64096
155.4,0.64093
155.45,0.64089
155.5,0.64086
155.55,0.64082
155.6,0.64079
155.65,0.64076
155.7,0.64071
155.75,0.64068
155.8,0.64065
155.85,0.64061
155.9,0.64058
155.95,0.64054
156.0,0.64051
156.05,0.64047
156.1,0.64044
156.15,0.6404
156.2,0.64037
156.25,0.64033
156.3,0.6403
156.35,0.64026
156.4,0.64023
156.45,0.64019
156.5,0.64016
156.55,0.64012
156.6,0.64009
156.65,0.64005
156.7,0.64002
156.75,0.63998
156.8,0.63995
156.85,0.63991
156.9,0.63988
156.95,0.63984
157.0,0.63981
157.05,0.63977
157.1,0.63974
157.15,0.6397
157.2,0.63967
157.25,0.63963
157.3,0.6396
157.35,0.63956
157.4,0.63953
157.45,0.63949
157.5,0.63946
157.55,0.63942
157.6,0.63939
157.65,0.63935
157.7,0.63932
157.75,0.63928
157.8,0.63925
157.85,0.63921
157.9,0.63918
157.95,0.63914
158.0,0.63911
158.05,0.63907
158.1,0.63904
158.15,0.639
158.2,0.63897
158.25,0.63893
158.3,0.6389
158.35,0.63886
158.4,0.63883
158.45,0.63879
158.5,0.63876
158.55,0.63872
158.6,0.63869
158.65,0.63865
158.7,0.63862
158.75,0.63858
158.8,0.63855
158.85,0.63851
158.9,0.63848
158.95,0.63844
159.0,0.63841
159.05,0.63837
159.1,0.63834
159.15,0.6383
159.2,0.63827
159.25,0.63823
159.3,0.6382
159.35,0.63816
159.4,0.63813
159.45,0.63809
159.5,0.63806
159.55,0.63802
159.6,0.63799
159.65,0.63795
159.7,0.63792
159.75,0.63788
159.8,0.63785
159.85,0.63781
159.9,0.63778
159.95,0.63774
160.0,0.63771
160.05,0.63767
160.1,0.63764
160.15,0.6376
160.2,0.63757
160.25,0.63753
160.3,0.6375
160.35,0.63746
160.4,0.63743
160.45,0.63739
160.5,0.63736
160.55,0.63732
160.6,0.63729
160.65,0.63725
160.7,0.63722
160.75,0.63718
160.8,0.63715
160.85,0.63711
160.9,0.63708
160.95,0.63704
161.0,0.63701
161.05,0.63697
161.1,0.63694
161.15,0.6369
161.2,0.63687
161.25,0.63683
161.3,0.6368
161.35,0.63676
161.4,0.63673
161.45,0.63669
161.5,0.63666
161.55,0.63662
161.6,0.63659
161.65,0.63655
161.7,0.63652
161.75,0.63648
161.8,0.63645
161.85,0.6364
161.9,0.63635
161.95,0.63632
162.0,0.63628
162.05,0.63625
162.1,0.63621
162.15,0.63618
162.2,0.63614
162.25,0.63611
162.3,0.63607
162.35,0.63604
162.4,0.636
162.45,0.63597
162.5,0.63593
162.55,0.6359
162.6,0.63586
162.65,0.63583
162.7,0.63579
162.75,0.63576
162.8,0.63572
162.85,0.63569
162.9,0.63565
162.95,0.63562
163.0,0.63558
163.05,0.63555
163.1,0.63551
163.15,0.63548
163.2,0.63544
163.25,0.63541
163.3,0.63537
163.35,0.63534
163.4,0.6353
163.45,0.63527
163.5,0.63523
163.55,0.6352
163.6,0.63516
163.65,0.63513
163.7,0.63509
163.75,0.63506
163.8,0.63502
163.85,0.63499
163.9,0.63495
163.95,0.63492
164.0,0.63488
164.05,0.63485
164.1,0.63481
164.15,0.63478
164.2,0.63474
164.25,0.63471
164.3,0.63467
164.35,0.63464
164.4,0.6346
164.45,0.63457
164.5,0.63453
164.55,0.6345
164.6,0.63446
164.65,0.63443
164.7,0.63439
164.75,0.63436
164.8,0.63432
164.85,0.63429
164.9,0.63425
164.95,0.63422
165.0,0.63419
165.05,0.63415
165.1,0.63412
165.15,0.63409
165.2,0.63406
165.25,0.63402
165.3,0.63399
165.35,0.63396
165.4,0.63393
165.45,0.63389
165.5,0.63386
165.55,0.63383
165.6,0.6338
165.65,0.63376
165.7,0.63373
165.75,0.6337
165.8,0.63367
165.85,0.63363
165.9,0.6336
165.95,0.63357
166.0,0.63354
166.05,0.6335
166.1,0.63347
166.15,0.63344
166.2,0.63341
166.25,0.63337
166.3,0.63334
166.35,0.63331
166.4,0.63328
166.45,0.63324
166.5,0.63321
166.55,0.63318
166.6,0.63315
166.65,0.63311
166.7,0.63308
166.75,0.63305
166.8,0.63302
166.85,0.63298
166.9,0.63295
166.95,0.63292
167.0,0.63289
167.05,0.63285
167.1,0.63282
167.15,0.63279
167.2,0.63276
167.25,0.63272
167.3,0.63269
167.35,0.63266
167.4,0.63263
167.45,0.63259
167.5,0.63256
167.55,0.63253
167.6,0.6325
167.65,0.63246
167.7,0.63243
167.75,0.6324
167.8,0.63237
167.85,0.63233
167.9,0.6323
167.95,0.63227
168.0,0.63224
168.05,0.6322
168.1,0.63217
168.15,0.63214
168.2,0.63211
168.25,0.63207
168.3,0.63204
168.35,0.63201
168.4,0.63198
168.45,0.63195
168.5,0.63192
168.55,0.63188
168.6,0.63185
168.65,0.63182
168.7,0.63179
168.75,0.63175
168.8,0.63172
168.85,0.63169
168.9,0.63166
168.95,0.63162
169.0,0.63159
169.05,0.63156
169.1,0.63153
169.15,0.63149
169.2,0.63146
169.25,0.63143
169.3,0.6314
169.35,0.63136
169.4,0.63133
169.45,0.6313
169.5,0.63127
169.55,0.63123
169.6,0.6312
169.65,0.63117
169.7,0.63114
169.75,0.6311
169.8,0.63107
169.85,0.63104
169.9,0.63101
169.95,0.63097
170.0,0.63094
